SKU;"Product Url";ID;Title;Content;Excerpt;Date;"Post Type";Media_images;Media_titles;Media_captions;Media_descriptions;Media_alts;Attachments_attachments
;;14;"Product #13 Variation";;;20150824;product;;;;;;
;;15;"Product #13 Variation";;;20150824;product;;;;;;
;;16;"Product #13 Variation";;;20150824;product;;;;;;
;;35;"Product #13 Variation";;;20150828;product;;;;;;
;;58;"Вариация #58 для Essente3690";;;20150829;product;;;;;;
101;;120;"Miratti E205 133";"Сезон: осень/весна

Материал: кожа

Страна: Италия

Цвет: черный

&nbsp;";;20150905;product;http://menshoes.in.ua/wp-content/uploads/31-miratti-e205_133.gif;31-miratti-e205_133;;;;
102;;121;"Miratti 201701";"Сезон: осень/весна

Материал: кожа

Страна: Италия

Цвет: черный

&nbsp;";;20150905;product;http://menshoes.in.ua/wp-content/uploads/2015/08/32-miratti-201701.gif;32-miratti-201701;;;;
103;;122;"Miratti 910 28 906";"Сезон: осень/весна

Материал: кожа

Страна: Италия

Цвет: черный

&nbsp;";;20150905;product;http://menshoes.in.ua/wp-content/uploads/2015/08/33-miratti-910-28-906.gif;33-miratti-910-28-906;;;;
104;;123;"Miratti BA0130 1";"Сезон: осень/весна

Материал: кожа

Страна: Италия

Цвет: черный

&nbsp;";;20150905;product;http://menshoes.in.ua/wp-content/uploads/34-miratti-BA0130_1.gif;34-miratti-BA0130_1;;;;
105;;124;"Miratti 18 F0031V 13X 370";"Сезон: осень/весна

Материал: кожа

Страна: Италия

Цвет: черный

&nbsp;";;20150905;product;http://menshoes.in.ua/wp-content/uploads/2015/08/35-miratti-18_F0031V_13X_370.gif;35-miratti-18_F0031V_13X_370;;;;
106;;125;"Miratti F61F1 1";"Сезон: лето

Материал: замша

Страна: Италия

Цвет: черный

&nbsp;";;20150905;product;http://menshoes.in.ua/wp-content/uploads/2015/08/36-miratti-F61F1_1.gif;36-miratti-F61F1_1;;;;
107;;126;"Miratti 208803";"Сезон: осень/весна

Материал: замша

Страна: Италия

Цвет: черный

&nbsp;";;20150905;product;http://menshoes.in.ua/wp-content/uploads/2015/08/37-miratti-208803.gif;37-miratti-208803;;;;
108;;127;"Miratti BA 01301J";"Сезон: осень/весна

Материал: замша

Страна: Италия

Цвет: черный

&nbsp;";;20150905;product;http://menshoes.in.ua/wp-content/uploads/2015/08/38-miratti-BA_01301J.gif;38-miratti-BA_01301J;;;;
109;;128;"Miratti 205811 3";"Сезон: осень/весна

Материал: кожа

Страна: Италия

Цвет: черный

&nbsp;";;20150905;product;http://menshoes.in.ua/wp-content/uploads/2015/08/39-miratti-205811_3.gif;39-miratti-205811_3;;;;
110;;129;"Miratti 203105";"Сезон: осень/весна

Материал: замша

Страна: Италия

Цвет: черный

&nbsp;";;20150905;product;http://menshoes.in.ua/wp-content/uploads/2015/08/40-miratti-203105.gif;40-miratti-203105;;;;
111;;130;"Miratti 56 894 1";"Сезон: осень/весна

Материал: замша

Страна: Италия

Цвет: черный

&nbsp;";;20150905;product;http://menshoes.in.ua/wp-content/uploads/2015/08/41-miratti-56_894_1.gif;41-miratti-56_894_1;;;;
112;;131;"Miratti 206007 1";"Сезон: осень/весна

Материал: замша

Страна: Италия

Цвет: черный

&nbsp;";;20150905;product;http://menshoes.in.ua/wp-content/uploads/2015/08/42-miratti-206007_1.gif;42-miratti-206007_1;;;;
113;;132;"Miratti 208105";"Сезон: осень/весна

Материал: замша

Страна: Италия

Цвет: черный

&nbsp;";;20150905;product;http://menshoes.in.ua/wp-content/uploads/2015/08/43-miratti-208105.gif;43-miratti-208105;;;;
114;;133;"Miratti 1897";"Сезон: осень/весна

Материал: замша

Страна: Италия

Цвет: черный

&nbsp;";;20150905;product;http://menshoes.in.ua/wp-content/uploads/2015/08/44-miratti-1897.gif;44-miratti-1897;;;;
115;;134;"Miratti BA0535 2у";"Сезон: осень/весна

Материал: замша

Страна: Италия

Цвет: черный

&nbsp;";;20150905;product;http://menshoes.in.ua/wp-content/uploads/45-miratti-BA0535_2y.gif;45-miratti-BA0535_2y;;;;
116;;135;"Miratti 08 16213GR";"Сезон: осень/весна

Материал: кожа

Страна: Италия

Цвет: коричневый

&nbsp;";;20150905;product;http://menshoes.in.ua/wp-content/uploads/2015/08/46-miratti-08_16213GR.gif;46-miratti-08_16213GR;;;;
117;;136;"Miratti L321 2W88";"Сезон: осень/весна

Материал: замша

Страна: Италия

Цвет: коричневый

&nbsp;";;20150905;product;http://menshoes.in.ua/wp-content/uploads/2015/08/47-miratti-L321_2W88.gif;47-miratti-L321_2W88;;;;
118;;137;"Miratti 632002";"Сезон: осень/весна

Материал: нубук

Страна: Италия

Цвет: черный

&nbsp;";;20150905;product;http://menshoes.in.ua/wp-content/uploads/2015/08/48-miratti-632002.gif;48-miratti-632002;;;;
119;;138;"Miratti L299 2 D3 1";"Сезон: осень/весна

Материал: нубук

Страна: Италия

Цвет: коричневый

&nbsp;";;20150905;product;http://menshoes.in.ua/wp-content/uploads/2015/08/49-miratti-L299_2_D3_1.gif;49-miratti-L299_2_D3_1;;;;
120;;139;"Miratti 6021 3 1";"Сезон: осень/весна

Материал: кожа

Страна: Италия

Цвет: черный

&nbsp;";;20150905;product;http://menshoes.in.ua/wp-content/uploads/2015/08/50-miratti-6021_3_1.gif;50-miratti-6021_3_1;;;;
121;;140;"Miratti 201203";"Сезон: осень/весна

Материал: кожа

Страна: Италия

Цвет: черный

&nbsp;";;20150905;product;http://menshoes.in.ua/wp-content/uploads/2015/08/51-miratti-201203.gif;51-miratti-201203;;;;
122;;141;"Miratti 205161 5";"Сезон: осень/весна

Материал: кожа

Страна: Италия

Цвет: черный

&nbsp;";;20150905;product;http://menshoes.in.ua/wp-content/uploads/2015/08/52-miratti-205161_5.gif;52-miratti-205161_5;;;;
123;;142;"Miratti 206007 2";"Сезон: осень/весна

Материал: кожа

Страна: Италия

Цвет: черный

&nbsp;";;20150905;product;http://menshoes.in.ua/wp-content/uploads/53-miratti-206007_2.gif;53-miratti-206007_2;;;;
124;;144;"Miratti 1895 5";"Сезон: осень/весна

Материал: кожа

Страна: Италия

Цвет: черный

&nbsp;";;20150905;product;http://menshoes.in.ua/wp-content/uploads/2015/08/54-miratti-1895_5.gif;54-miratti-1895_5;;;;
125;;145;"Miratti 2012A19 2";"Сезон: осень/весна

Материал: кожа

Страна: Италия

Цвет: черный

&nbsp;";;20150905;product;http://menshoes.in.ua/wp-content/uploads/55-miratti-2012A19_2.gif;55-miratti-2012A19_2;;;;
126;;146;"Miratti 2012A05 2";"Сезон: осень/весна

Материал: кожа

Страна: Италия

Цвет: черный

&nbsp;";;20150905;product;http://menshoes.in.ua/wp-content/uploads/56-miratti-2012A05_2.gif;56-miratti-2012A05_2;;;;
127;;147;"Miratti 30000 2";"Сезон: осень/весна

Материал: кожа

Страна: Италия

Цвет: черный

&nbsp;";;20150905;product;http://menshoes.in.ua/wp-content/uploads/2015/08/57-miratti-30000_2.gif;57-miratti-30000_2;;;;
128;;148;"Miratti BA 5025";"Сезон: осень/весна

Материал: кожа

Страна: Италия

Цвет: черный

&nbsp;";;20150905;product;http://menshoes.in.ua/wp-content/uploads/2015/08/58-miratti-BA_5025.gif;58-miratti-BA_5025;;;;
129;;149;"Miratti K68K011Z C11";"Сезон: осень/весна

Материал: нубук

Страна: Италия

Цвет: черный

&nbsp;";;20150905;product;http://menshoes.in.ua/wp-content/uploads/2015/08/59-miratti-K68K011Z_C11.gif;59-miratti-K68K011Z_C11;;;;
130;;150;"Miratti 1856";"Сезон: осень/весна

Материал: кожа

Страна: Италия

Цвет: черный

&nbsp;";;20150905;product;http://menshoes.in.ua/wp-content/uploads/2015/08/60-miratti-1856.gif;60-miratti-1856;;;;
131;;151;"Miratti 0232 23 1B";"Сезон: осень/весна

Материал: замша

Страна: Италия

Цвет: черный

&nbsp;";;20150905;product;http://menshoes.in.ua/wp-content/uploads/61-miratti-0232_23_1B.gif;61-miratti-0232_23_1B;;;;
201;;152;"Tapi 1800";"Сезон: осень/весна

Материал: кожа

Страна: Польша

Цвет: черный

&nbsp;";;20150905;product;http://menshoes.in.ua/wp-content/uploads/2015/08/1-tapi_1800.gif;1-tapi_1800;;;;
202;;153;"Tapi 4198";"Сезон: осень/весна

Материал: кожа

Страна: Польша

Цвет: черный

&nbsp;";;20150905;product;http://menshoes.in.ua/wp-content/uploads/2015/08/2-tapi-4198.gif;2-tapi-4198;;;;
203;;154;"Tapi 4134";"Сезон: осень/весна

Материал: кожа

Страна: Польша

Цвет: черный

&nbsp;";;20150905;product;http://menshoes.in.ua/wp-content/uploads/2015/08/3-tapi-4134.gif;3-tapi-4134;;;;
204;;155;"Tapi 4129";"Сезон: осень/весна

Материал: кожа

Страна: Польша

Цвет: черный

&nbsp;";;20150905;product;http://menshoes.in.ua/wp-content/uploads/2015/08/4-tapi-4129.gif;4-tapi-4129;;;;
205;;156;"Tapi 4387";"Сезон: осень/весна

Материал: кожа

Страна: Польша

Цвет: черный

&nbsp;";;20150905;product;http://menshoes.in.ua/wp-content/uploads/2015/08/5-tapi-4387.gif;5-tapi-4387;;;;
206;;157;"Tapi 4128";"Сезон: осень/весна

Материал: кожа

Страна: Польша

Цвет: черный

&nbsp;";;20150905;product;http://menshoes.in.ua/wp-content/uploads/2015/08/12-tapi-4128.gif;12-tapi-4128;;;;
207;;158;"Tapi 1335";"Сезон: осень/весна

Материал: кожа

Страна: Польша

Цвет: черный

&nbsp;";;20150905;product;http://menshoes.in.ua/wp-content/uploads/2015/08/13-tapi-1335.gif;13-tapi-1335;;;;
208;;159;"Tapi 4182";"Сезон: осень/весна

Материал: кожа

Страна: Польша

Цвет: черный

&nbsp;";;20150905;product;http://menshoes.in.ua/wp-content/uploads/2015/08/14-tapi-4182.gif;14-tapi-4182;;;;
209;;160;"Tapi 18331";"Сезон: осень/весна

Материал: кожа

Страна: Польша

Цвет: черный

&nbsp;";;20150905;product;http://menshoes.in.ua/wp-content/uploads/2015/08/15-tapi-1833.gif;15-tapi-1833;;;;
210;;161;"Tapi 1843";"Сезон: осень/весна

Материал: кожа

Страна: Польша

Цвет: черный

&nbsp;";;20150905;product;http://menshoes.in.ua/wp-content/uploads/2015/08/16-tapi-1843.gif;16-tapi-1843;;;;
211;;162;"Tapi 1813";"Сезон: осень/весна

Материал: кожа

Страна: Польша

Цвет: черный

&nbsp;";;20150905;product;http://menshoes.in.ua/wp-content/uploads/2015/08/17-tapi-1813.gif;17-tapi-1813;;;;
212;;163;"Tapi 1844";"Сезон: осень/весна

Материал: кожа

Страна: Польша

Цвет: черный

&nbsp;";;20150905;product;http://menshoes.in.ua/wp-content/uploads/2015/08/18-tapi-1844.gif;18-tapi-1844;;;;
213;;164;"Tapi 1472";"Сезон: осень/весна

Материал: кожа

Страна: Польша

Цвет: коричневый

&nbsp;";;20150905;product;http://menshoes.in.ua/wp-content/uploads/2015/08/19-tapi-1472.gif;19-tapi-1472;;;;
214;;165;"Tapi 18332";"Сезон: осень/весна

Материал: кожа

Страна: Польша

Цвет: коричневый

&nbsp;";;20150905;product;http://menshoes.in.ua/wp-content/uploads/2015/08/20-tapi-1833_kor.gif;20-tapi-1833_kor;;;;
215;;166;"Tapi 18333";"Сезон: осень/весна

Материал: кожа

Страна: Польша

Цвет: коричневый

&nbsp;";;20150905;product;http://menshoes.in.ua/wp-content/uploads/2015/08/21-tapi-1833_sv_kor.gif;21-tapi-1833_sv_kor;;;;
216;;167;"Tapi 1623";"Сезон: осень/весна

Материал: кожа

Страна: Польша

Цвет: коричневый

&nbsp;";;20150905;product;http://menshoes.in.ua/wp-content/uploads/2015/08/22-tapi-1623.gif;22-tapi-1623;;;;
217;;168;"Tapi 4184";"Сезон: осень/весна

Материал: кожа

Страна: Польша

Цвет: черный

&nbsp;";;20150905;product;http://menshoes.in.ua/wp-content/uploads/2015/08/23-tapi-4184.gif;23-tapi-4184;;;;
218;;169;"Tapi 1912";"Сезон: осень/весна

Материал: кожа

Страна: Польша

Цвет: коричневый

&nbsp;";;20150905;product;http://menshoes.in.ua/wp-content/uploads/24-tapi-1912_kor.gif;24-tapi-1912_kor;;;;
219;;170;"Tapi 4019";"Сезон: осень/весна

Материал: замша

Страна: Польша

Цвет: черный

&nbsp;";;20150905;product;http://menshoes.in.ua/wp-content/uploads/2015/08/25-tapi-4019.gif;25-tapi-4019;;;;
301;;171;"Red Rock 41703 7";"Сезон: зима

Материал: кожа

Страна: Италия

Цвет: черный

&nbsp;";;20150905;product;http://menshoes.in.ua/wp-content/uploads/2015/08/29-red_rock-12531_50.gif;29-red_rock-12531_50;;;;
302;;172;"Red Rock 12531 50";"Сезон: зима

Материал: кожа

Страна: Италия

Цвет: черный

&nbsp;";;20150905;product;http://menshoes.in.ua/wp-content/uploads/2015/08/29-red_rock-12531_50.gif;29-red_rock-12531_50;;;;
303;;173;"Red Rock 10005 98";"Сезон: зима

Материал: кожа

Страна: Италия

Цвет: черный

&nbsp;";;20150905;product;http://menshoes.in.ua/wp-content/uploads/2015/08/30-red_rock-10005_98.gif;30-red_rock-10005_98;;;;
401;;174;"Gri Sport 4170502g";"Сезон: зима

Материал: кожа

Страна: Италия

Цвет: черный

&nbsp;";;20150905;product;http://menshoes.in.ua/wp-content/uploads/2015/08/26-gri_sport-4170502g.gif;26-gri_sport-4170502g;;;;
402;;175;"Gri Sport 11205d111g";"Сезон: зима

Материал: кожа

Страна: Италия

Цвет: черный

&nbsp;";;20150905;product;http://menshoes.in.ua/wp-content/uploads/2015/08/27-gri_sport-11205d111g.gif;27-gri_sport-11205d111g;;;;
501;;176;"Ikoc 300 1";"Сезон: осень/весна

Материал: кожа

Страна: Украина

Цвет: черный

&nbsp;";;20150905;product;http://menshoes.in.ua/wp-content/uploads/2015/08/10-ikoc-300.gif;10-ikoc-300;;;;
601;;177;"Pan 708";"Сезон: осень/весна

Материал: кожа

Страна: Польша

Цвет: черный

&nbsp;";;20150905;product;http://menshoes.in.ua/wp-content/uploads/2015/08/9-pan-708.gif;9-pan-708;;;;
602;;178;"Pan 697";"Сезон: осень/весна

Материал: кожа

Страна: Польша

Цвет: черный

&nbsp;";;20150905;product;http://menshoes.in.ua/wp-content/uploads/2015/08/11-pan-697.gif;11-pan-697;;;;
502;;218;"Ikoc 2024 7";"Сезон: осень/весна

Материал: кожа

Страна: Украина

Цвет: черный

&nbsp;";;20150905;product;http://menshoes.in.ua/wp-content/uploads/6-ikoc-2024_7.gif;6-ikoc-2024_7;;;;
503;;219;"Ikoc 2055 1";"Сезон: осень/весна

Материал: кожа

Страна: Украина

Цвет: черный

&nbsp;";;20150905;product;http://menshoes.in.ua/wp-content/uploads/7-ikoc-2055_1.gif;7-ikoc-2055_1;;;;
504;;220;"Ikoc 390 1";"Сезон: осень/весна

Материал: кожа

Страна: Украина

Цвет: черный

&nbsp;";;20150905;product;http://menshoes.in.ua/wp-content/uploads/8-ikoc-390_1.gif;8-ikoc-390_1;;;;
;;221;"Вариация #221 для Ikoc 2055 1";;;20150904;product;;;;;;
;;222;"Вариация #222 для Ikoc 2024 7";;;20150904;product;;;;;;
;;223;"Вариация #223 для Ikoc 390 1";;;20150904;product;;;;;;
;;264;"Вариация #264 для Gri Sport 4170502g";;;20150905;product;;;;;;
;;266;"Вариация #266 для Gri Sport 11205d111g";;;20150905;product;;;;;;
;;270;"Вариация #270 для Miratti Е205 133";;;20150907;product;;;;;;
;;271;"Вариация #271 для Miratti 201701";;;20150907;product;;;;;;
;;273;"Вариация #273 для Miratti 910 28 906";;;20150907;product;;;;;;
;;275;"Вариация #275 для Miratti ВА0130 1";;;20150907;product;;;;;;
;;276;"Вариация #276 для Miratti 18 F0031V 13X 370";;;20150907;product;;;;;;
;;277;"Вариация #277 для Miratti F61F1 1";;;20150907;product;;;;;;
;;278;"Вариация #278 для Miratti 208803";;;20150907;product;;;;;;
;;280;"Вариация #280 для Miratti BA 01301J";;;20150907;product;;;;;;
;;281;"Вариация #281 для Miratti 205811 3";;;20150907;product;;;;;;
;;282;"Вариация #282 для Miratti 203105";;;20150907;product;;;;;;
;;283;"Вариация #283 для Miratti 56 894 1";;;20150907;product;;;;;;
;;284;"Вариация #284 для Miratti 206007 1";;;20150907;product;;;;;;
;;285;"Вариация #285 для Miratti 208105";;;20150907;product;;;;;;
;;287;"Вариация #285 для Miratti 208105";;;20150907;product;;;;;;
;;288;"Вариация #288 для Miratti 1897";;;20150907;product;;;;;;
;;289;"Вариация #289 для Miratti ВА0535 2у";;;20150907;product;;;;;;
;;290;"Вариация #290 для Miratti 08 16213GR";;;20150907;product;;;;;;
;;291;"Вариация #291 для Miratti L321 2W88";;;20150907;product;;;;;;
;;292;"Вариация #292 для Miratti 632002";;;20150907;product;;;;;;
;;293;"Вариация #293 для Miratti L299 2 D3 1";;;20150907;product;;;;;;
;;294;"Вариация #294 для Miratti 6021 3 1";;;20150907;product;;;;;;
;;295;"Вариация #295 для Miratti 201203";;;20150907;product;;;;;;
;;296;"Вариация #296 для Miratti 205161 5";;;20150907;product;;;;;;
;;297;"Вариация #297 для Miratti 206007 2";;;20150907;product;;;;;;
;;299;"Вариация #299 для Miratti 1895 5";;;20150907;product;;;;;;
;;300;"Вариация #300 для Miratti 2012А19 2";;;20150907;product;;;;;;
;;303;"Вариация #303 для Miratti 2012А05 2";;;20150907;product;;;;;;
;;304;"Вариация #304 для Miratti 30000 2";;;20150907;product;;;;;;
;;305;"Вариация #305 для Miratti BA 5025";;;20150907;product;;;;;;
;;306;"Вариация #306 для Miratti K68K011Z C11";;;20150907;product;;;;;;
;;307;"Вариация #307 для Miratti 1856";;;20150907;product;;;;;;
;;308;"Вариация #308 для Miratti 0232 23 1В";;;20150907;product;;;;;;
;;310;"Вариация #310 для Tapi 1800";;;20150907;product;;;;;;
;;311;"Вариация #311 для Tapi 4198";;;20150907;product;;;;;;
;;312;"Вариация #312 для Tapi 4134";;;20150907;product;;;;;;
;;313;"Вариация #313 для Tapi 4129";;;20150907;product;;;;;;
;;315;"Вариация #315 для Tapi 4387";;;20150907;product;;;;;;
;;316;"Вариация #316 для Tapi 4128";;;20150907;product;;;;;;
;;317;"Вариация #317 для Tapi 1335";;;20150907;product;;;;;;
;;318;"Вариация #318 для Tapi 4182";;;20150907;product;;;;;;
;;319;"Вариация #319 для Tapi 18331";;;20150907;product;;;;;;
;;320;"Вариация #320 для Tapi 1843";;;20150907;product;;;;;;
;;321;"Вариация #321 для Tapi 1813";;;20150907;product;;;;;;
;;322;"Вариация #322 для Tapi 1844";;;20150907;product;;;;;;
;;323;"Вариация #323 для Tapi 1472";;;20150907;product;;;;;;
;;324;"Вариация #324 для Tapi 18332";;;20150907;product;;;;;;
;;325;"Вариация #325 для Tapi 18333";;;20150907;product;;;;;;
;;326;"Вариация #326 для Tapi 1623";;;20150907;product;;;;;;
;;327;"Вариация #327 для Tapi 4184";;;20150907;product;;;;;;
;;328;"Вариация #328 для Tapi 1912";;;20150907;product;;;;;;
;;329;"Вариация #329 для Tapi 4019";;;20150907;product;;;;;;
;;331;"Вариация #331 для Red Rock 41703 7";;;20150907;product;;;;;;
;;332;"Вариация #332 для Red Rock 12531 50";;;20150907;product;;;;;;
;;333;"Вариация #333 для Red Rock 10005 98";;;20150907;product;;;;;;
;;334;"Вариация #334 для Ikoc 300 1";;;20150907;product;;;;;;
;;335;"Вариация #335 для Pan 708";;;20150907;product;;;;;;
;;336;"Вариация #336 для Pan 697";;;20150907;product;;;;;;
1001;;489;"Essente 4090-040-22-73";"Сезон: осень/весна

Материал: кожа

Страна: Украина

Цвет: черный

&nbsp;";;20150914;product;http://menshoes.in.ua/wp-content/uploads/113-essente-4090-040-22-73.jpg;113-essente-4090-040-22-73;;;;
1101;;490;"Etor 10850";"Сезон: осень/весна

Материал: кожа

Страна: Турция

Цвет: черный

&nbsp;";;20150914;product;http://menshoes.in.ua/wp-content/uploads/77-ETOR-10850.jpg,http://menshoes.in.ua/wp-content/uploads/78-ETOR-10850.jpg;77-ETOR-10850,78-ETOR-10850;,;,;,;
1102;;491;"Etor 11122";"Сезон: осень/весна

Материал: кожа

Страна: Турция

Цвет: черный

&nbsp;";;20150914;product;http://menshoes.in.ua/wp-content/uploads/194-ETOR-11122.jpg;194-ETOR-11122;;;;
1103;;492;"Etor 10784";"Сезон: осень/весна

Материал: кожа

Страна: Турция

Цвет: коричневый

&nbsp;";;20150914;product;http://menshoes.in.ua/wp-content/uploads/195-ETOR-10784.jpg;195-ETOR-10784;;;;
1104;;493;"Etor 6684";"Сезон: осень/весна

Материал: кожа

Страна: Турция

Цвет: черный

&nbsp;";;20150914;product;http://menshoes.in.ua/wp-content/uploads/196-ETOR-6684.jpg;196-ETOR-6684;;;;
1105;;494;"Etor 6454";"Сезон: осень/весна

Материал: замша

Страна: Турция

Цвет: черный

&nbsp;";;20150914;product;http://menshoes.in.ua/wp-content/uploads/197-ETOR-6454.jpg;197-ETOR-6454;;;;
1106;;495;"Etor 10807";"Сезон: осень/весна

Материал: кожа

Страна: Турция

Цвет: черный

&nbsp;";;20150914;product;http://menshoes.in.ua/wp-content/uploads/198-ETOR-10807.jpg;198-ETOR-10807;;;;
1201;;496;"Falcon 2615r";"Сезон: осень/весна

Материал: кожа

Страна: Украина

Цвет: черный

&nbsp;";;20150914;product;http://menshoes.in.ua/wp-content/uploads/204-falcon-2615r.jpg;204-falcon-2615r;;;;
1202;;497;"Falcon 2615с";"Сезон: осень/весна

Материал: кожа

Страна: Украина

Цвет: синий

&nbsp;";;20150914;product;http://menshoes.in.ua/wp-content/uploads/205-falcon-2615c.jpg;205-falcon-2615c;;;;
1301;;498;"Kadar 22-191-70";"Сезон: осень/весна

Материал: нубук

Страна: Украина

Цвет: черный

&nbsp;";;20150914;product;http://menshoes.in.ua/wp-content/uploads/79-kadar-22-191-70.jpg;79-kadar-22-191-70;;;;
1302;;499;"Kadar 22-48-270";"Сезон: осень/весна

Материал: нубук

Страна: Украина

Цвет: черный

&nbsp;";;20150914;product;http://menshoes.in.ua/wp-content/uploads/80-kadar-22-48-270.jpg;80-kadar-22-48-270;;;;
1303;;500;"Kadar 2211193";"Сезон: осень/весна

Материал: замша

Страна: Украина

Цвет: коричневый

&nbsp;";;20150914;product;http://menshoes.in.ua/wp-content/uploads/83-kadar-2211193.jpg;83-kadar-2211193;;;;
1304;;501;"Kadar 2242414";"Сезон: осень/весна

Материал: кожа

Страна: Украина

Цвет: черный

&nbsp;";;20150914;product;http://menshoes.in.ua/wp-content/uploads/184-kadar-2242414.jpg;184-kadar-2242414;;;;
1305;;502;"Kadar 217-42-70";"Сезон: осень/весна

Материал: кожа

Страна: Украина

Цвет: черный

&nbsp;";;20150914;product;http://menshoes.in.ua/wp-content/uploads/193-kadar-217-42-70.jpg;193-kadar-217-42-70;;;;
132;;503;"Miratti EhA5162-1-gr";"Сезон: осень/весна

Материал: замша

Страна: Италия

Цвет: черный

&nbsp;";;20150914;product;http://menshoes.in.ua/wp-content/uploads/67-Miratti-EhA5162-1-gr.jpg;67-Miratti-EhA5162-1-gr;;;;
133;;504;"Miratti 605106-r";"Сезон: осень/весна

Материал: замша

Страна: Италия

Цвет: черный

&nbsp;";;20150914;product;http://menshoes.in.ua/wp-content/uploads/69-Miratti-605106-r.jpg;69-Miratti-605106-r;;;;
134;;505;"Miratti 605-105-1-R";"Сезон: зима

Материал: замша

Страна: Италия

Цвет: черный

&nbsp;";;20150914;product;http://menshoes.in.ua/wp-content/uploads/70-Miratti-605-105-1-R.jpg;70-Miratti-605-105-1-R;;;;
135;;506;"Miratti 02-2151-905-34";"Сезон: зима

Материал: замша

Страна: Италия

Цвет: черный

&nbsp;";;20150914;product;http://menshoes.in.ua/wp-content/uploads/73-Miratti-02-2151-905-34.jpg;73-Miratti-02-2151-905-34;;;;
136;;507;"Miratti L306R-1W56";"Сезон: зима

Материал: нубук

Страна: Италия

Цвет: черный

&nbsp;";;20150914;product;http://menshoes.in.ua/wp-content/uploads/75-Miratti-L306R-1W56.jpg;75-Miratti-L306R-1W56;;;;
137;;508;"Miratti 604702-r";"Сезон: зима

Материал: кожа

Страна: Италия

Цвет: черный

&nbsp;";;20150914;product;http://menshoes.in.ua/wp-content/uploads/85-Miratti-604702-r.jpg;85-Miratti-604702-r;;;;
138;;509;"Miratti 604701-r";"Сезон: зима

Материал: кожа

Страна: Италия

Цвет: черный

&nbsp;";;20150914;product;http://menshoes.in.ua/wp-content/uploads/86-Miratti-604701-r.jpg;86-Miratti-604701-r;;;;
139;;510;"Miratti 605-105R";"Сезон: зима

Материал: кожа

Страна: Италия

Цвет: черный

&nbsp;";;20150914;product;http://menshoes.in.ua/wp-content/uploads/88-Miratti-605-105R.jpg;88-Miratti-605-105R;;;;
140;;511;"Miratti 605105";"Сезон: зима

Материал: замша

Страна: Италия

Цвет: черный

&nbsp;";;20150914;product;http://menshoes.in.ua/wp-content/uploads/123-Miratti-605105.jpg;123-Miratti-605105;;;;
1401;;512;"Karat 305-k-1";"Сезон: осень/весна

Материал: замша

Страна: Украина

Цвет: черный

&nbsp;";;20150914;product;http://menshoes.in.ua/wp-content/uploads/206-karat-305-k-1.jpg;206-karat-305-k-1;;;;
141;;513;"Miratti 605105-1-m";"Сезон: зима

Материал: замша

Страна: Италия

Цвет: черный

&nbsp;";;20150914;product;http://menshoes.in.ua/wp-content/uploads/125-Miratti-605105-1-m.jpg;125-Miratti-605105-1-m;;;;
142;;514;"Miratti 605-103-m-";"Сезон: зима

Материал: замша

Страна: Италия

Цвет: черный

&nbsp;";;20150914;product;http://menshoes.in.ua/wp-content/uploads/126-Miratti-605-103-m.jpg;126-Miratti-605-103-m;;;;
143;;515;"Miratti 5162-1";"Сезон: зима

Материал: кожа

Страна: Италия

Цвет: черный

&nbsp;";;20150914;product;http://menshoes.in.ua/wp-content/uploads/129-Miratti-5162-1.jpg;129-Miratti-5162-1;;;;
144;;516;"Miratti 604 701";"Сезон: зима

Материал: кожа

Страна: Италия

Цвет: черный

&nbsp;";;20150914;product;http://menshoes.in.ua/wp-content/uploads/131-Miratti-604701.jpg;131-Miratti-604701;;;;
145;;517;"Miratti 604 702";"Сезон: зима

Материал: кожа

Страна: Италия

Цвет: черный

&nbsp;";;20150914;product;http://menshoes.in.ua/wp-content/uploads/132-Miratti-604702.jpg;132-Miratti-604702;;;;
146;;518;"Miratti eha5162gm";"Сезон: зима

Материал: кожа

Страна: Италия

Цвет: черный

&nbsp;";;20150914;product;http://menshoes.in.ua/wp-content/uploads/134-Miratti-eha5162gm.jpg;134-Miratti-eha5162gm;;;;
147;;519;"Miratti ema5156-M";"Сезон: зима

Материал: кожа

Страна: Италия

Цвет: черный

&nbsp;";;20150914;product;http://menshoes.in.ua/wp-content/uploads/136-Miratti-EMA5156-M.jpg;136-Miratti-EMA5156-M;;;;
148;;520;"Miratti ЕМА5163";"Сезон: зима

Материал: кожа

Страна: Италия

Цвет: черный

&nbsp;";;20150914;product;http://menshoes.in.ua/wp-content/uploads/139-Miratti-ema5163.jpg;139-Miratti-ema5163;;;;
149;;521;"Miratti DF128-5-2";"Сезон: зима

Материал: кожа

Страна: Италия

Цвет: коричневый

&nbsp;";;20150914;product;http://menshoes.in.ua/wp-content/uploads/141-Miratti-DF128-5-2.jpg;141-Miratti-DF128-5-2;;;;
150;;522;"Miratti 2532-12-2m-";"Сезон: зима

Материал: кожа

Страна: Италия

Цвет: коричневый

&nbsp;";;20150914;product;http://menshoes.in.ua/wp-content/uploads/143-miratti-2532-12-2m.jpg;143-miratti-2532-12-2m.jpg;;;;
1501;;524;"Maxus maxus";"Сезон: осень/весна

Материал: кожа

Страна: Украина

Цвет: черный

&nbsp;";;20150914;product;http://menshoes.in.ua/wp-content/uploads/203-maxus-maxus.jpg;203-maxus-maxus;;;;
151;;525;"Miratti 2528-10-1m";"Сезон: зима

Материал: кожа

Страна: Италия

Цвет: черный

&nbsp;";;20150914;product;http://menshoes.in.ua/wp-content/uploads/144-Miratti-2528-10-1m.jpg;144-Miratti-2528-10-1m;;;;
152;;526;"Miratti xd-3140-m";"Сезон: зима

Материал: кожа

Страна: Италия

Цвет: черный

&nbsp;";;20150914;product;http://menshoes.in.ua/wp-content/uploads/146-Miratti-xd-3140-m.jpg;146-Miratti-xd-3140-m;;;;
153;;527;"Miratti H72-F24-1M";"Сезон: зима

Материал: замша

Страна: Италия

Цвет: черный

&nbsp;";;20150914;product;http://menshoes.in.ua/wp-content/uploads/149-Miratti-H72-F24-1M.jpg;149-Miratti-H72-F24-1M;;;;
154;;528;"Miratti 012-48-475";"Сезон: зима

Материал: нубук

Страна: Италия

Цвет: черный

&nbsp;";;20150914;product;http://menshoes.in.ua/wp-content/uploads/150-Miratti-012-48-475.jpg;150-Miratti-012-48-475;;;;
155;;529;"Miratti 306-m-1h14-m";"Сезон: зима

Материал: замша

Страна: Италия

Цвет: черный

&nbsp;";;20150914;product;http://menshoes.in.ua/wp-content/uploads/152-Miratti-306-m-1h14-m.jpg;152-Miratti-306-m-1h14-m;;;;
156;;530;"Miratti 000-1m-18-6";"Сезон: зима

Материал: кожа

Страна: Италия

Цвет: черный

&nbsp;";;20150914;product;http://menshoes.in.ua/wp-content/uploads/155-Miratti-000-1m-18-6.jpg;155-Miratti-000-1m-18-6;;;;
157;;531;"Miratti 8 039 302";"Сезон: зима

Материал: замша

Страна: Италия

Цвет: черный

&nbsp;";;20150914;product;http://menshoes.in.ua/wp-content/uploads/157-Miratti-8039302.jpg;157-Miratti-8039302;;;;
158;;532;"Miratti С203A-55D-60-4";"Сезон: зима

Материал: замша

Страна: Италия

Цвет: черный

&nbsp;";;20150914;product;http://menshoes.in.ua/wp-content/uploads/159-Miratti-c203A-55D-60-4.jpg;159-Miratti-c203A-55D-60-4;;;;
159;;533;"Miratti l-296-m-2w-88";"Сезон: зима

Материал: замша

Страна: Италия

Цвет: коричневый

&nbsp;";;20150914;product;http://menshoes.in.ua/wp-content/uploads/161-Miratti-l-296-m-2w-88.jpg;161-Miratti-l-296-m-2w-88;;;;
160;;534;"Miratti K008K05H-E1";"Сезон: зима

Материал: кожа

Страна: Италия

Цвет: черный

&nbsp;";;20150914;product;http://menshoes.in.ua/wp-content/uploads/163-Miratti-K008K05H-E1.jpg;163-Miratti-K008K05H-E1;;;;
1601;;535;"Nord 7439b9991";"Сезон: зима

Материал: кожа

Страна: Польша

Цвет: черный

&nbsp;";;20150914;product;http://menshoes.in.ua/wp-content/uploads/91-nord-7439b9991.jpg;91-nord-7439b9991;;;;
1602;;536;"Nord 7831b9991";"Сезон: осень/весна

Материал: кожа

Страна: Польша

Цвет: черный

&nbsp;";;20150914;product;http://menshoes.in.ua/wp-content/uploads/115-nord-7831b9991.jpg;115-nord-7831b9991;;;;
1603;;537;"Nord 7778b9991";"Сезон: осень/весна

Материал: кожа

Страна: Польша

Цвет: черный

&nbsp;";;20150914;product;http://menshoes.in.ua/wp-content/uploads/116-nord-7778b9991.jpg;116-nord-7778b9991;;;;
1604;;538;"Nord 7776b9991";"Сезон: осень/весна

Материал: кожа

Страна: Польша

Цвет: черный

&nbsp;";;20150914;product;http://menshoes.in.ua/wp-content/uploads/118-nord-7776b9991.jpg;118-nord-7776b9991;;;;
1605;;539;"Nord 7782b9991";"Сезон: зима

Материал: кожа

Страна: Польша

Цвет: черный

&nbsp;";;20150914;product;http://menshoes.in.ua/wp-content/uploads/120-nord-7782b9991.jpg;120-nord-7782b9991;;;;
161;;540;"Miratti K008K05H-E1";"Сезон: зима

Материал: кожа

Страна: Италия

Цвет: черный

&nbsp;";;20150914;product;http://menshoes.in.ua/wp-content/uploads/164-Miratti-K008K05H-E1.jpg;164-Miratti-K008K05H-E1;;;;
162;;541;"Miratti К008К05М-Е5";"Сезон: осень/весна

Материал: кожа

Страна: Италия

Цвет: черный

&nbsp;";;20150914;product;http://menshoes.in.ua/wp-content/uploads/167-Miratti-K008K05M-E5.jpg;167-Miratti-K008K05M-E5;;;;
163;;542;"Miratti 8058-2-8-";"Сезон: зима

Материал: кожа

Страна: Италия

Цвет: черный

&nbsp;";;20150914;product;http://menshoes.in.ua/wp-content/uploads/169-miratti-8058-2-8.jpg;169-miratti-8058-2-8.jpg;;;;
164;;544;"Miratti A123C22M";"Сезон: зима

Материал: кожа

Страна: Италия

Цвет: черный

&nbsp;";;20150914;product;http://menshoes.in.ua/wp-content/uploads/171-Miratti-A123C22M.jpg;171-Miratti-A123C22M;;;;
165;;545;"Miratti С0006-1-5";"Сезон: зима

Материал: замша

Страна: Италия

Цвет: черный

&nbsp;";;20150914;product;http://menshoes.in.ua/wp-content/uploads/173-Miratti-C0006-1-5.jpg;173-Miratti-C0006-1-5;;;;
166;;546;"Miratti S0006-1-6";"Сезон: зима

Материал: замша

Страна: Италия

Цвет: черный

&nbsp;";;20150914;product;http://menshoes.in.ua/wp-content/uploads/174-Miratti-S0006-1-6.jpg;174-Miratti-S0006-1-6;;;;
1701;;547;"Ritellini realta 08-2442335";"Сезон: зима

Материал: кожа

Страна: Украина

Цвет: черный

&nbsp;";;20150914;product;http://menshoes.in.ua/wp-content/uploads/207-ritellini-realta-08-2442335.jpg;207-ritellini-realta-08-2442335;;;;
1801;;548;"Sensor 165-2";"Сезон: осень/весна

Материал: кожа

Страна: Украина

Цвет: черный

&nbsp;";;20150914;product;http://menshoes.in.ua/wp-content/uploads/199-sensor-165-2.jpg;199-sensor-165-2;;;;
1802;;549;"Sensor 342-1";"Сезон: осень/весна

Материал: кожа

Страна: Украина

Цвет: черный

&nbsp;";;20150914;product;http://menshoes.in.ua/wp-content/uploads/200-sensor-342-1.jpg;200-sensor-342-1;;;;
1803;;550;"Sensor 996-3";"Сезон: осень/весна

Материал: кожа

Страна: Украина

Цвет: черный

&nbsp;";;20150914;product;http://menshoes.in.ua/wp-content/uploads/201-sensor-996-3.jpg;201-sensor-996-3;;;;
220;;551;"Tapi 2111";"Сезон: зима

Материал: кожа

Страна: Польша

Цвет: черный

&nbsp;";;20150914;product;http://menshoes.in.ua/wp-content/uploads/93-tapi-2111.jpg;93-tapi-2111;;;;
221;;552;"Tapi 2100";"Сезон: зима

Материал: кожа

Страна: Польша

Цвет: черный

&nbsp;";;20150914;product;http://menshoes.in.ua/wp-content/uploads/94-tapi-2100.jpg;94-tapi-2100;;;;
222;;553;"Tapi 2159";"Сезон: зима

Материал: кожа

Страна: Польша

Цвет: коричневый

&nbsp;";;20150914;product;http://menshoes.in.ua/wp-content/uploads/96-tapi-2159.jpg;96-tapi-2159;;;;
223;;554;"Tapi 2148";"Сезон: зима

Материал: кожа

Страна: Польша

Цвет: коричневый

&nbsp;";;20150914;product;http://menshoes.in.ua/wp-content/uploads/99-tapi-2148.jpg;99-tapi-2148;;;;
224;;555;"Tapi 2161";"Сезон: зима

Материал: кожа

Страна: Польша

Цвет: черный

&nbsp;";;20150914;product;http://menshoes.in.ua/wp-content/uploads/101-tapi-2161.jpg;101-tapi-2161;;;;
225;;556;"Tapi 2162";"Сезон: зима

Материал: кожа

Страна: Польша

Цвет: черный

&nbsp;";;20150914;product;http://menshoes.in.ua/wp-content/uploads/102-tapi-2162.jpg;102-tapi-2162;;;;
226;;557;"Tapi 2160";"Сезон: зима

Материал: кожа

Страна: Польша

Цвет: черный

&nbsp;";;20150914;product;http://menshoes.in.ua/wp-content/uploads/104-tapi-2160.jpg;104-tapi-2160;;;;
227;;558;"Tapi 2168";"Сезон: зима

Материал: кожа

Страна: Польша

Цвет: коричневый

&nbsp;";;20150914;product;http://menshoes.in.ua/wp-content/uploads/107-tapi-2168-1.jpg;107-tapi-2168-1;;;;
228;;559;"Tapi 2145";"Сезон: зима

Материал: замша

Страна: Польша

Цвет: черный

&nbsp;";;20150914;product;http://menshoes.in.ua/wp-content/uploads/108-tapi-2145.jpg;108-tapi-2145;;;;
229;;560;"Tapi 2168";"Сезон: зима

Материал: кожа

Страна: Польша

Цвет: черный

&nbsp;";;20150914;product;http://menshoes.in.ua/wp-content/uploads/110-tapi-2168-2.jpg;110-tapi-2168-2;;;;
505;;561;"Ikoc 271";"Сезон: осень/весна

Материал: кожа

Страна: Украина

Цвет: черный

&nbsp;";;20150914;product;http://menshoes.in.ua/wp-content/uploads/62-ikoc-271.gif;62-ikoc-271;;;;
506;;562;"Ikoc 990-1";"Сезон: осень/весна

Материал: кожа

Страна: Украина

Цвет: черный

&nbsp;";;20150914;product;http://menshoes.in.ua/wp-content/uploads/63-ikoc-990-1.gif;63-ikoc-990-1;;;;
507;;563;"Ikoc 2055-1";"Сезон: осень/весна

Материал: кожа

Страна: Украина

Цвет: черный

&nbsp;";;20150914;product;http://menshoes.in.ua/wp-content/uploads/64-ikoc-2055-1.gif;64-ikoc-2055-1;;;;
508;;564;"Ikoc 10-86-1";"Сезон: осень/весна

Материал: кожа

Страна: Украина

Цвет: черный

&nbsp;";;20150914;product;http://menshoes.in.ua/wp-content/uploads/65-ikoc-10-86-1.gif;65-ikoc-10-86-1;;;;
701;;565;"Carlo pachini 1446";"Сезон: осень/весна

Материал: кожа

Страна: Украина

Цвет: синий

&nbsp;";;20150914;product;http://menshoes.in.ua/wp-content/uploads/202-carlo-pachini-1446.jpg;202-carlo-pachini-1446;;;;
801;;566;"Davis 5722-10";"Сезон: осень/весна

Материал: кожа

Страна: Турция

Цвет: черный

&nbsp;";;20150914;product;http://menshoes.in.ua/wp-content/uploads/177-devis-5722-10.jpg;177-devis-5722-10;;;;
802;;567;"Davis 5474-3";"Сезон: осень/весна

Материал: кожа

Страна: Турция

Цвет: черный

&nbsp;";;20150914;product;http://menshoes.in.ua/wp-content/uploads/178-devis-5474-3.jpg;178-devis-5474-3;;;;
803;;568;"Davis 1504-33";"Сезон: осень/весна

Материал: кожа

Страна: Турция

Цвет: синий

&nbsp;";;20150914;product;http://menshoes.in.ua/wp-content/uploads/185-devis-1504-33.jpg;185-devis-1504-33;;;;
804;;569;"Davis 1589-33";"Сезон: осень/весна

Материал: замша

Страна: Турция

Цвет: синий

&nbsp;";;20150914;product;http://menshoes.in.ua/wp-content/uploads/186-devis-1589-33.jpg;186-devis-1589-33;;;;
805;;570;"Davis 8930-02";"Сезон: зима

Материал: кожа

Страна: Турция

Цвет: черный

&nbsp;";;20150914;product;http://menshoes.in.ua/wp-content/uploads/187-devis-8930-02.jpg;187-devis-8930-02;;;;
806;;571;"Davis 378-33";"Сезон: осень/весна

Материал: кожа

Страна: Турция

Цвет: синий

&nbsp;";;20150914;product;http://menshoes.in.ua/wp-content/uploads/188-devis-378-33.jpg;188-devis-378-33;;;;
807;;572;"Davis 1292-3";"Сезон: осень/весна

Материал: кожа

Страна: Турция

Цвет: черный

&nbsp;";;20150914;product;http://menshoes.in.ua/wp-content/uploads/189-devis-1292-3.jpg;189-devis-1292-3;;;;
808;;573;"Davis 2251-3";"Сезон: осень/весна

Материал: кожа

Страна: Турция

Цвет: черный

&nbsp;";;20150914;product;http://menshoes.in.ua/wp-content/uploads/190-devis-2251-3.jpg;190-devis-2251-3;;;;
809;;574;"Davis 1501-5";"Сезон: осень/весна

Материал: кожа

Страна: Турция

Цвет: черный

&nbsp;";;20150914;product;http://menshoes.in.ua/wp-content/uploads/191-devis-1501-5.jpg;191-devis-1501-5;;;;
901;;575;"Esse 5025-30-11";"Сезон: осень/весна

Материал: кожа

Страна: Польша

Цвет: коричневый

&nbsp;";;20150914;product;http://menshoes.in.ua/wp-content/uploads/192-esse-5025-30-11.jpg;192-esse-5025-30-11;;;;
;;577;"Вариация #577 для Essente 4090-040-22-73";;;20150915;product;;;;;;
;;578;"Вариация #578 для Etor 10850";;;20150915;product;;;;;;
;;579;"Вариация #579 для Etor 11122";;;20150915;product;;;;;;
;;580;"Вариация #580 для Etor 10784";;;20150915;product;;;;;;
;;581;"Вариация #581 для Etor 6684";;;20150915;product;;;;;;
;;582;"Вариация #582 для Etor 6454";;;20150915;product;;;;;;
;;583;"Вариация #583 для Etor 10807";;;20150915;product;;;;;;
;;584;"Вариация #584 для Falcon 2615r";;;20150915;product;;;;;;
;;585;"Вариация #585 для Falcon 2615с";;;20150915;product;;;;;;
;;586;"Вариация #586 для Kadar 22-191-70";;;20150915;product;;;;;;
;;587;"Вариация #587 для Kadar 22-48-270";;;20150915;product;;;;;;
;;588;"Вариация #588 для Kadar 2211193";;;20150915;product;;;;;;
;;589;"Вариация #589 для Kadar 2242414";;;20150915;product;;;;;;
;;590;"Вариация #590 для Kadar 217-42-70";;;20150915;product;;;;;;
;;591;"Вариация #591 для Miratti EhA5162-1-gr";;;20150915;product;;;;;;
;;592;"Вариация #592 для Miratti 605106-r";;;20150915;product;;;;;;
;;593;"Вариация #593 для Miratti 605-105-1-R";;;20150915;product;;;;;;
;;594;"Вариация #594 для Miratti 02-2151-905-34";;;20150915;product;;;;;;
;;595;"Вариация #595 для Miratti L306R-1W56";;;20150915;product;;;;;;
;;596;"Вариация #596 для Miratti 604702-r";;;20150915;product;;;;;;
;;597;"Вариация #597 для Miratti 604701-r";;;20150915;product;;;;;;
;;598;"Вариация #598 для Miratti 605-105R";;;20150915;product;;;;;;
;;599;"Вариация #599 для Miratti 605105";;;20150915;product;;;;;;
;;600;"Вариация #600 для Karat 305-k-1";;;20150915;product;;;;;;
;;601;"Вариация #601 для Miratti 605105-1-m";;;20150915;product;;;;;;
;;602;"Вариация #602 для Miratti 605-103-m-";;;20150915;product;;;;;;
;;603;"Вариация #603 для Miratti 5162-1";;;20150915;product;;;;;;
;;604;"Вариация #604 для Miratti 604 701";;;20150915;product;;;;;;
;;605;"Вариация #605 для Miratti 604 702";;;20150915;product;;;;;;
;;606;"Вариация #606 для Miratti eha5162gm";;;20150915;product;;;;;;
;;607;"Вариация #607 для Miratti ema5156-M";;;20150915;product;;;;;;
;;608;"Вариация #608 для Miratti ЕМА5163";;;20150915;product;;;;;;
;;609;"Вариация #609 для Miratti DF128-5-2";;;20150915;product;;;;;;
;;610;"Вариация #610 для Miratti 2532-12-2m-";;;20150915;product;;;;;;
;;611;"Вариация #611 для Maxus maxus";;;20150915;product;;;;;;
;;612;"Вариация #612 для Miratti 2528-10-1m";;;20150915;product;;;;;;
;;613;"Вариация #613 для Miratti xd-3140-m";;;20150915;product;;;;;;
;;614;"Вариация #614 для Miratti H72-F24-1M";;;20150915;product;;;;;;
;;615;"Вариация #615 для Miratti 012-48-475";;;20150915;product;;;;;;
;;616;"Вариация #616 для Miratti 306-m-1h14-m";;;20150915;product;;;;;;
;;618;"Вариация #618 для Miratti 000-1m-18-6";;;20150915;product;;;;;;
;;619;"Вариация #619 для Miratti 8 039 302";;;20150915;product;;;;;;
;;620;"Вариация #620 для Miratti С203A-55D-60-4";;;20150915;product;;;;;;
;;621;"Вариация #621 для Miratti l-296-m-2w-88";;;20150915;product;;;;;;
;;622;"Вариация #622 для Miratti K008K05H-E1";;;20150915;product;;;;;;
;;624;"Вариация #624 для Nord 7439b9991";;;20150915;product;;;;;;
;;625;"Вариация #625 для Nord 7831b9991";;;20150915;product;;;;;;
;;626;"Вариация #626 для Nord 7778b9991";;;20150915;product;;;;;;
;;627;"Вариация #627 для Nord 7776b9991";;;20150915;product;;;;;;
;;628;"Вариация #628 для Nord 7782b9991";;;20150915;product;;;;;;
;;629;"Вариация #629 для Miratti K008K05H-E1";;;20150915;product;;;;;;
;;630;"Вариация #630 для Miratti К008К05М-Е5";;;20150915;product;;;;;;
;;631;"Вариация #631 для Miratti 8058-2-8-";;;20150915;product;;;;;;
;;632;"Вариация #632 для Miratti A123C22M";;;20150915;product;;;;;;
;;633;"Вариация #633 для Miratti С0006-1-5";;;20150915;product;;;;;;
;;634;"Вариация #634 для Miratti S0006-1-6";;;20150915;product;;;;;;
;;635;"Вариация #635 для Ritellini realta 08-2442335";;;20150915;product;;;;;;
;;636;"Вариация #636 для Sensor 165-2";;;20150915;product;;;;;;
;;637;"Вариация #637 для Sensor 342-1";;;20150915;product;;;;;;
;;638;"Вариация #638 для Sensor 996-3";;;20150915;product;;;;;;
;;639;"Вариация #639 для Tapi 2111";;;20150915;product;;;;;;
;;640;"Вариация #640 для Tapi 2100";;;20150915;product;;;;;;
;;641;"Вариация #641 для Tapi 2159";;;20150915;product;;;;;;
;;642;"Вариация #642 для Tapi 2148";;;20150915;product;;;;;;
;;643;"Вариация #643 для Tapi 2161";;;20150915;product;;;;;;
;;644;"Вариация #644 для Tapi 2162";;;20150915;product;;;;;;
;;646;"Вариация #646 для Tapi 2160";;;20150915;product;;;;;;
;;647;"Вариация #647 для Tapi 2168";;;20150915;product;;;;;;
;;648;"Вариация #648 для Tapi 2145";;;20150915;product;;;;;;
;;649;"Вариация #649 для Tapi 2168";;;20150915;product;;;;;;
;;650;"Вариация #650 для Ikoc 271";;;20150915;product;;;;;;
;;651;"Вариация #651 для Ikoc 990-1";;;20150915;product;;;;;;
;;652;"Вариация #652 для Ikoc 2055-1";;;20150915;product;;;;;;
;;653;"Вариация #653 для Ikoc 10-86-1";;;20150915;product;;;;;;
;;654;"Вариация #654 для Carlo pachini 1446";;;20150915;product;;;;;;
;;655;"Вариация #655 для Devis 5722-10";;;20150915;product;;;;;;
;;656;"Вариация #656 для Devis 5474-3";;;20150915;product;;;;;;
;;657;"Вариация #657 для Davis 1504-33";;;20150915;product;;;;;;
;;658;"Вариация #658 для Devis 1589-33";;;20150915;product;;;;;;
;;659;"Вариация #659 для Devis 8930-02";;;20150915;product;;;;;;
;;660;"Вариация #660 для Devis 378-33";;;20150915;product;;;;;;
;;661;"Вариация #661 для Devis 1292-3";;;20150915;product;;;;;;
;;662;"Вариация #662 для Devis 2251-3";;;20150915;product;;;;;;
;;663;"Вариация #663 для Davis 1501-5";;;20150915;product;;;;;;
;;664;"Вариация #664 для Esse 5025-30-11";;;20150915;product;;;;;;
;;666;"Вариация #642 для Tapi 2148";;;20150915;product;;;;;;
1606;;710;"Nord 4832qz451";"Сезон: осень/весна

Материал: кожа

Страна: Польша

Цвет: Синий
&nbsp;";;20151004;product;http://menshoes.in.ua/wp-content/uploads/236-nord-4832qz451.gif;236-nord-4832qz451;;;;
;;711;"Вариация #711 для Nord 4832qz451";;;20151004;product;;;;;;
512;;717;"Ikoc 2557-1";"Сезон: Зима

Материал: кожа

Страна: Украина

Цвет: черный

&nbsp;";;20151004;product;http://menshoes.in.ua/wp-content/uploads/241.gif;241-Ikoc-2557-1;;;;
;;718;"Вариация #718 для Ikoc 2557-1";;;20151004;product;;;;;;
511;;719;"Ikoc 2549-1";"Сезон: Зима

Материал: кожа

Страна: Украина

Цвет: черный

&nbsp;";;20151004;product;http://menshoes.in.ua/wp-content/uploads/240.gif;240;;;;
;;720;"Вариация #718 для Ikoc 2557-1";;;20151004;product;;;;;;
1609;;721;"Nord 7566b9991";"Сезон: осень/весна

Материал: кожа

Страна: Польша

Цвет: черный

&nbsp;";;20151004;product;http://menshoes.in.ua/wp-content/uploads/239.gif;239;;;;
;;722;"Вариация #722 для Nord 7831b9991  (Копия)";;;20151004;product;;;;;;
1608;;723;"Nord 7463b9991";"Сезон: осень/весна

Материал: кожа

Страна: Польша

Цвет: черный

&nbsp;";;20151004;product;http://menshoes.in.ua/wp-content/uploads/238.gif;238;;;;
;;725;"Вариация #725 для Nord 7566b9991  (Копия)";;;20151004;product;;;;;;
1607;;726;"Nord 4778b9991";"Сезон: осень/весна

Материал: кожа

Страна: Польша

Цвет: черный

&nbsp;";;20151004;product;http://menshoes.in.ua/wp-content/uploads/237.gif;237;;;;
;;727;"Вариация #727 для Nord 7566b9991  (Копия)";;;20151004;product;;;;;;
;;861;"Вариация #861 для Kadar 2415270";;;20160313;product;;;;;;
;;862;"Вариация #862 для Flex 832093";;;20160313;product;;;;;;
;;863;"Вариация #863 для Red Rock 40261dv8j";;;20160313;product;;;;;;
;;864;"Вариация #864 для Flex 717043";;;20160313;product;;;;;;
;;865;"Вариация #865 для Red Rock 12531d50g";;;20160313;product;;;;;;
;;866;"Вариация #866 для Flex 632053";;;20160313;product;;;;;;
;;867;"Вариация #867 для Red Rock 1219d35";;;20160313;product;;;;;;
;;868;"Вариация #868 для Flex 532045";;;20160313;product;;;;;;
;;869;"Вариация #869 для Nord 4836wd06m";;;20160313;product;;;;;;
;;870;"Вариация #870 для Flex 532012";;;20160313;product;;;;;;
;;871;"Вариация #871 для Nord 4836wd03m";;;20160313;product;;;;;;
;;872;"Вариация #872 для Flex 230103";;;20160313;product;;;;;;
;;873;"Вариация #873 для Nord 2330b895";;;20160313;product;;;;;;
;;874;"Вариация #874 для Red Rock 537389";;;20160313;product;;;;;;
;;875;"Вариация #875 для Miratti k68037d57";;;20160313;product;;;;;;
;;876;"Вариация #876 для Red Rock 417003o7g";;;20160313;product;;;;;;
;;877;"Вариация #877 для Red Rock 41705v3g";;;20160313;product;;;;;;
;;878;"Вариация #878 для Flex 930793";;;20160313;product;;;;;;
;;879;"Вариация #879 для Red Rock 41705v3";;;20160313;product;;;;;;
;;880;"Вариация #880 для Flex 836934";;;20160313;product;;;;;;
;;881;"Вариация #881 для Red Rock 40937sv6";;;20160313;product;;;;;;
;;882;"Вариация #882 для Kadar 2415339";;;20160313;product;;;;;;
;;883;"Вариация #883 для Ikoc 2115-8";;;20160313;product;;;;;;
;;884;"Вариация #884 для Ikoc 2115-4";;;20160313;product;;;;;;
;;885;"Вариация #885 для Davis 151315";;;20160313;product;;;;;;
;;886;"Вариация #886 для Ikoc 2092-4";;;20160313;product;;;;;;
;;887;"Вариация #887 для Davis 7112-8";;;20160313;product;;;;;;
;;888;"Вариация #888 для Ikoc 2015-8";;;20160313;product;;;;;;
;;889;"Вариация #889 для Cardio 49-white";;;20160313;product;;;;;;
;;890;"Вариация #890 для Ikoc 990-4";;;20160313;product;;;;;;
;;891;"Вариация #891 для Cardio 34-ocean";;;20160313;product;;;;;;
;;892;"Вариация #892 для Gattini 34071";;;20160313;product;;;;;;
;;893;"Вариация #893 для Cardio 22-ocean";;;20160313;product;;;;;;
;;894;"Вариация #894 для Cardio 22-green";;;20160313;product;;;;;;
;;895;"Вариация #895 для Cardio 22-blue";;;20160313;product;;;;;;
167;;896;"Miratti k68037d57";"Сезон: Осень/весна

Материал: Замша

Страна: Италия

Цвет: Коричневый

&nbsp;";;20160313;product;http://menshoes.in.ua/wp-content/uploads/266-miratti-k68037d57.jpg;266-miratti-k68037d57;;;;
16010;;897;"Nord 2330b895";"Сезон: Осень/весна

Материал: Кожа

Страна: Польша

Цвет: Черный

&nbsp;";;20160313;product;http://menshoes.in.ua/wp-content/uploads/267-nord-2303v895.jpg;267-nord-2303v895;;;;
16011;;898;"Nord 4836wd03m";"Сезон: Осень/весна

Материал: Нубук

Страна: Польша

Цвет: Коричневый

&nbsp;";;20160313;product;http://menshoes.in.ua/wp-content/uploads/268-nord-4836wd03m.jpg;268-nord-4836wd03m;;;;
16012;;899;"Nord 4836wd06m";"Сезон: Осень/весна

Материал: Нубук

Страна: Польша

Цвет: Черный

&nbsp;";;20160313;product;http://menshoes.in.ua/wp-content/uploads/269-nord-4836wd06m.jpg;269-nord-4836wd06m;;;;
304;;900;"Red Rock 1219d35";"Сезон: Осень/весна

Материал: Кожа

Страна: Италия

Цвет: Серый

&nbsp;";;20160313;product;http://menshoes.in.ua/wp-content/uploads/270-redrock-12129d35.jpg;270-redrock-12129d35;;;;
305;;901;"Red Rock 12531d50g";"Сезон: Осень/весна

Материал: Кожа

Страна: Италия

Цвет: Черный

&nbsp;";;20160313;product;http://menshoes.in.ua/wp-content/uploads/271-redrock-12531d50g.jpg;271-redrock-12531d50g;;;;
306;;902;"Red Rock 40261dv8j";"Сезон: Осень/весна

Материал: Кожа

Страна: Италия

Цвет: Черный

&nbsp;";;20160313;product;http://menshoes.in.ua/wp-content/uploads/272-redrock-40261dv8j.jpg;272-redrock-40261dv8j;;;;
307;;903;"Red Rock 40937sv6";"Сезон: Осень/весна

Материал: Нубук

Страна: Италия

Цвет: Синий

&nbsp;";;20160313;product;http://menshoes.in.ua/wp-content/uploads/273-redrock-40937sv6.jpg;273-redrock-40937sv6;;;;
308;;904;"Red Rock 41705v3";"Сезон: Осень/весна

Материал: Кожа

Страна: Италия

Цвет: Черный

&nbsp;";;20160313;product;http://menshoes.in.ua/wp-content/uploads/274-redrock-41705v3.jpg;274-redrock-41705v3;;;;
309;;905;"Red Rock 41705v3g";"Сезон: Осень/весна

Материал: Кожа

Страна: Италия

Цвет: Черный

&nbsp;";;20160313;product;http://menshoes.in.ua/wp-content/uploads/275-redrock-41705v3g.jpg;275-redrock-41705v3g;;;;
310;;906;"Red Rock 417003o7g";"Сезон: Осень/весна

Материал: Кожа

Страна: Италия

Цвет: Черный

&nbsp;";;20160313;product;http://menshoes.in.ua/wp-content/uploads/276-redrock-417003o7g.jpg;276-redrock-417003o7g;;;;
311;;907;"Red Rock 537389";"Сезон: Осень/весна

Материал: Нубук

Страна: Италия

Цвет: Серый

&nbsp;";;20160313;product;http://menshoes.in.ua/wp-content/uploads/277-redrock-537389.jpg;277-redrock-537389;;;;
2101;;908;"Flex 230103";"Сезон: Осень/весна

Материал: Джинс

Страна: Украина

Цвет: Черный

&nbsp;";;20160313;product;http://menshoes.in.ua/wp-content/uploads/244-flex-230103.jpg;244-flex-230103;;;;
2102;;909;"Flex 532012";"Сезон: Осень/весна

Материал: Джинс

Страна: Украина

Цвет: Серый

&nbsp;";;20160313;product;http://menshoes.in.ua/wp-content/uploads/245-flex-532012.jpg;245-flex-532012;;;;
2103;;910;"Flex 532045";"Сезон: Осень/весна

Материал: Замша

Страна: Украина

Цвет: Черный

&nbsp;";;20160313;product;http://menshoes.in.ua/wp-content/uploads/246-flex-532045.jpg;246-flex-532045;;;;
2104;;911;"Flex 632053";"Сезон: Осень/весна

Материал: Замша

Страна: Украина

Цвет: Синий

&nbsp;";;20160313;product;http://menshoes.in.ua/wp-content/uploads/247-flex-632053.jpg;247-flex-632053;;;;
2105;;912;"Flex 717043";"Сезон: Осень/весна

Материал: Замша

Страна: Украина

Цвет: Черный

&nbsp;";;20160313;product;http://menshoes.in.ua/wp-content/uploads/248-flex-717043.jpg;248-flex-717043;;;;
2106;;913;"Flex 832093";"Сезон: Осень/весна

Материал: Замша

Страна: Украина

Цвет: Синий

&nbsp;";;20160313;product;http://menshoes.in.ua/wp-content/uploads/249-Flex-832093.jpg;249-Flex-832093;;;;
2107;;914;"Flex 836934";"Сезон: Осень/весна

Материал: Замша

Страна: Украина

Цвет: Синий

&nbsp;";;20160313;product;http://menshoes.in.ua/wp-content/uploads/250-flex-836934.jpg;250-flex-836934;;;;
2108;;915;"Flex 930793";"Сезон: Осень/весна

Материал: Замша

Страна: Украина

Цвет: Синий

&nbsp;";;20160313;product;http://menshoes.in.ua/wp-content/uploads/251-flex-930793.jpg;251-flex-930793;;;;
2201;;916;"Gattini 34071";"Сезон: Осень/весна

Материал: Замша

Страна: Украина

Цвет: Черный

&nbsp;";;20160313;product;http://menshoes.in.ua/wp-content/uploads/252-gattini-34071.jpg;252-gattini-34071;;;;
513;;917;"Ikoc 990-4";"Сезон: Осень/весна

Материал: Кожа

Страна: Украина

Цвет: Черный

&nbsp;";;20160313;product;http://menshoes.in.ua/wp-content/uploads/253-ikoc-990-4.jpg;253-ikoc-990-4;;;;
514;;918;"Ikoc 2015-8";"Сезон: Осень/весна

Материал: Кожа

Страна: Украина

Цвет: Коричневый

&nbsp;";;20160313;product;http://menshoes.in.ua/wp-content/uploads/254-ikoc-2015-8.jpg;254-ikoc-2015-8;;;;
515;;919;"Ikoc 2092-4";"Сезон: Осень/весна

Материал: Кожа

Страна: Украина

Цвет: Черный

&nbsp;";;20160313;product;http://menshoes.in.ua/wp-content/uploads/255-ikoc-2092-4.jpg;255-ikoc-2092-4;;;;
516;;920;"Ikoc 2115-4";"Сезон: Осень/весна

Материал: Кожа

Страна: Украина

Цвет: Синий

&nbsp;";;20160313;product;http://menshoes.in.ua/wp-content/uploads/256-ikoc-2115-4.jpg;256-ikoc-2115-4;;;;
517;;921;"Ikoc 2115-8";"Сезон: Осень/весна

Материал: Кожа

Страна: Украина

Цвет: Черный

&nbsp;";;20160313;product;http://menshoes.in.ua/wp-content/uploads/257-ikoc-2115-8.jpg;257-ikoc-2115-8;;;;
1316;;922;"Kadar 2415270";"Сезон: Осень/весна

Материал: Замша

Страна: Украина

Цвет: Черный

&nbsp;";;20160313;product;http://menshoes.in.ua/wp-content/uploads/259-kadar-2415270.jpg;259-kadar-2415270;;;;
1317;;923;"Kadar 2415339";"Сезон: Осень/весна

Материал: Замша

Страна: Украина

Цвет: Синий

&nbsp;";;20160313;product;http://menshoes.in.ua/wp-content/uploads/260-kadar-2415339.jpg;260-kadar-2415339;;;;
2301;;924;"Cardio 22-blue";"Сезон: Осень/весна

Материал: Нубук

Страна: Украина

Цвет: Синий

&nbsp;";;20160313;product;http://menshoes.in.ua/wp-content/uploads/261-kardio-22-blue.jpg;261-kardio-22-blue;;;;
2302;;925;"Cardio 22-green";"Сезон: Осень/весна

Материал: Нубук

Страна: Украина

Цвет: Зелёный

&nbsp;";;20160313;product;http://menshoes.in.ua/wp-content/uploads/262-kardio-22-green.jpg;262-kardio-22-green;;;;
2303;;926;"Cardio 22-ocean";"Сезон: Осень/весна

Материал: Нубук

Страна: Украина

Цвет: Синий

&nbsp;";;20160313;product;http://menshoes.in.ua/wp-content/uploads/263-kardio-22-ocean.jpg;263-kardio-22-ocean;;;;
2304;;927;"Cardio 34-ocean";"Сезон: Осень/весна

Материал: Нубук

Страна: Украина

Цвет: Синий

&nbsp;";;20160313;product;http://menshoes.in.ua/wp-content/uploads/264-kardio-34-ocean.jpg;264-kardio-34-ocean;;;;
2305;;928;"Cardio 49-white";"Сезон: Осень/весна

Материал: Кожа

Страна: Украина

Цвет: Белый

&nbsp;";;20160313;product;http://menshoes.in.ua/wp-content/uploads/265-kardio-49-white.jpg;265-kardio-49-white;;;;
811;;929;"Davis 7112-8";"Сезон: Осень/весна

Материал: Кожа

Страна: Турция

Цвет: Черный

&nbsp;";;20160313;product;http://menshoes.in.ua/wp-content/uploads/242-Davis-7112-8.jpg;242-Davis-7112-8;;;;
812;;930;"Davis 151315";"Сезон: Осень/весна

Материал: Кожа

Страна: Турция

Цвет: Черный

&nbsp;";;20160313;product;http://menshoes.in.ua/wp-content/uploads/243-davis-151315.jpg;243-davis-151315;;;;
;;931;"Product #930 Variation";;;20160313;product;;;;;;
